1000, 2.920078391608392E-4
1001, 2.1009875724275725E-4
1002, 2.1023005394605395E-4
1003, 2.0376575524475526E-4
1004, 2.0066167032967033E-4
1005, 1.9959460939060939E-4
1006, 2.0102307292707295E-4
1007, 2.039935184815185E-4
1008, 2.0262999300699303E-4
1009, 2.0269067732267733E-4
1010, 2.0004255944055946E-4
1011, 2.0115358841158842E-4
1012, 2.0310500599400602E-4
1013, 2.0243534965034966E-4
1014, 2.0342358941058942E-4
1015, 2.033003096903097E-4
1016, 2.051172177822178E-4
1017, 2.0074821678321678E-4
1018, 2.03237993006993E-4
1019, 2.0226695904095905E-4
1020, 2.0247385314685316E-4
1021, 2.023582307692308E-4
1022, 2.0372208491508493E-4
1023, 2.031195074925075E-4
1024, 2.0546565734265736E-4
1025, 2.0658373326673326E-4
1026, 2.100019080919081E-4
1027, 2.0361868231768234E-4
1028, 2.036262987012987E-4
1029, 2.041942137862138E-4
1030, 2.0373304395604396E-4
1031, 2.0397248651348653E-4
1032, 2.0663825074925075E-4
1033, 2.0528887812187814E-4
1034, 2.0578399000999002E-4
1035, 2.0666272227772229E-4
1036, 2.0679824375624377E-4
1037, 2.0591434565434566E-4
1038, 2.0693513386613389E-4
1039, 2.061594135864136E-4
1040, 2.0663464635364636E-4
1041, 2.149687102897103E-4
1042, 2.0808013386613386E-4
1043, 2.073197162837163E-4
1044, 2.1011475524475526E-4
1045, 2.0729447352647352E-4
1046, 2.0823213886113888E-4
1047, 2.0855427472527474E-4
1048, 2.08429002997003E-4
1049, 2.0893244155844158E-4
1050, 2.089193006993007E-4
1051, 2.0937083216783218E-4
1052, 2.0958774525474527E-4
1053, 2.1152262937062938E-4
1054, 2.1052498001998004E-4
1055, 2.1725281318681321E-4
1056, 2.1362444955044956E-4
1057, 2.1235294805194805E-4
1058, 2.128158991008991E-4
1059, 2.1076812587412589E-4
1060, 2.1228089310689312E-4
1061, 2.1152907292707292E-4
1062, 2.1412425474525476E-4
1063, 2.1265874925074926E-4
1064, 2.1378725374625375E-4
1065, 2.149883836163836E-4
1066, 2.138875334665335E-4
1067, 2.143115214785215E-4
1068, 2.137816093906094E-4
1069, 2.139590969030969E-4
1070, 2.138067102897103E-4
1071, 2.2037013686313688E-4
1072, 2.1387585214785215E-4
1073, 2.135861138861139E-4
1074, 2.1942446453546456E-4
1075, 2.1514645354645356E-4
1076, 2.1639894905094907E-4
1077, 2.1583186413586414E-4
1078, 2.1685691708291712E-4
1079, 2.198932107892108E-4
1080, 2.1789407992007994E-4
1081, 2.1717633066933067E-4
1082, 2.167456973026973E-4
1083, 2.1720944055944057E-4
1084, 2.2544245354645355E-4
1085, 2.1744085514485513E-4
1086, 2.184876883116883E-4
1087, 2.1761852347652348E-4
1088, 2.18151027972028E-4
1089, 2.1774123276723276E-4
1090, 2.2001918181818183E-4
1091, 2.1953023576423578E-4
1092, 2.2060495304695305E-4
1093, 2.222275284715285E-4
1094, 2.241801978021978E-4
1095, 2.1976473426573427E-4
1096, 2.2062078721278724E-4
1097, 2.1969369130869133E-4
1098, 2.231241158841159E-4
1099, 2.2316925574425575E-4
1100, 2.303733926073926E-4
1101, 2.2308716283716285E-4
1102, 2.2463739360639362E-4
1103, 2.3066185914085916E-4
1104, 2.243328211788212E-4
1105, 2.2230606593406593E-4
1106, 2.2981481418581418E-4
1107, 2.226779170829171E-4
1108, 2.2329963136863139E-4
1109, 2.302955224775225E-4
1110, 2.2835378221778223E-4
1111, 2.240019060939061E-4
1112, 2.3285519080919084E-4
1113, 2.2615779620379622E-4
1114, 2.25877015984016E-4
1115, 2.2573483916083918E-4
1116, 2.266900999000999E-4
1117, 2.2669898701298702E-4
1118, 2.336365164835165E-4
1119, 2.2604207192807195E-4
1120, 2.2646416683316683E-4
1121, 2.312561148851149E-4
1122, 2.2783104495504498E-4
1123, 2.286927222777223E-4
1124, 2.3293647252747255E-4
1125, 2.3138447952047954E-4
1126, 2.2981084815184815E-4
1127, 2.3162855644355646E-4
1128, 2.3119025574425576E-4
1129, 2.2956348651348654E-4
1130, 2.3251397502497504E-4
1131, 2.3313894105894106E-4
1132, 2.340189250749251E-4
1133, 2.3178584515484515E-4
1134, 2.3592867532467535E-4
1135, 2.3025345054945056E-4
1136, 2.3316113086913087E-4
1137, 2.3461855844155845E-4
1138, 2.3212647852147855E-4
1139, 2.309514015984016E-4
1140, 2.3217565234765237E-4
1141, 2.326043126873127E-4
1142, 2.3547773226773229E-4
1143, 2.3318494005994007E-4
1144, 2.3214095004995004E-4
1145, 2.3199664135864137E-4
1146, 2.345369230769231E-4
1147, 2.327227182817183E-4
1148, 2.3506066033966036E-4
1149, 2.3402342657342657E-4
1150, 2.3581537162837166E-4
1151, 2.3356454645354646E-4
1152, 2.344185174825175E-4
1153, 2.3444926473526476E-4
1154, 2.355028331668332E-4
1155, 2.3783717182817183E-4
1156, 2.357069240759241E-4
1157, 2.3832057242757245E-4
1158, 2.363237032967033E-4
1159, 2.3771494205794208E-4
1160, 2.378879060939061E-4
1161, 2.3685736863136866E-4
1162, 2.3732715584415587E-4
1163, 2.3832304295704298E-4
1164, 2.3911906193806195E-4
1165, 2.3816945654345657E-4
1166, 2.3917414085914088E-4
1167, 2.3921799000999E-4
1168, 2.3993118481518483E-4
1169, 2.3848624775224777E-4
1170, 2.3890218881118884E-4
1171, 2.4165690109890112E-4
1172, 2.4076796903096907E-4
1173, 2.4057770929070932E-4
1174, 2.4303806093906098E-4
1175, 2.4151293306693309E-4
1176, 2.4264386913086915E-4
1177, 2.4269356343656345E-4
1178, 2.439842127872128E-4
1179, 2.422596063936064E-4
1180, 2.4420693106893106E-4
1181, 2.3919227472527472E-4
1182, 2.4018687012987015E-4
1183, 2.395157012987013E-4
1184, 2.4138718881118882E-4
1185, 2.4090777122877122E-4
1186, 2.41267021978022E-4
1187, 2.4241774625374628E-4
1188, 2.4190883316683318E-4
1189, 2.4233304095904097E-4
1190, 2.4221649650349653E-4
1191, 2.4396474325674329E-4
1192, 2.517838171828172E-4
1193, 2.449419230769231E-4
1194, 2.4503239460539465E-4
1195, 2.514703576423577E-4
1196, 2.4642247152847153E-4
1197, 2.4896293406593406E-4
1198, 2.5350984415584415E-4
1199, 2.455651378621379E-4
1200, 2.468836313686314E-4
1201, 2.5267924375624377E-4
1202, 2.4784799000999004E-4
1203, 2.4809218781218784E-4
1204, 2.5561764935064934E-4
1205, 2.4751581418581416E-4
1206, 2.554417132867133E-4
1207, 2.4879589310689313E-4
1208, 2.4915023876123876E-4
1209, 2.5606769030969034E-4
1210, 2.494802227772228E-4
1211, 2.4978996803196805E-4
1212, 2.560313866133866E-4
1213, 2.500738011988012E-4
1214, 2.518458081918082E-4
1215, 2.5710849550449554E-4
1216, 2.522631798201798E-4
1217, 2.519831108891109E-4
1218, 2.532431428571429E-4
1219, 2.524364045954046E-4
1220, 2.5385263436563434E-4
1221, 2.5218186613386616E-4
1222, 2.523147752247752E-4
1223, 2.5140214185814184E-4
1224, 2.5354807192807193E-4
1225, 2.557597222777223E-4
1226, 2.5372463036963034E-4
1227, 2.5748486813186814E-4
1228, 2.5379849450549456E-4
1229, 2.5466715884115885E-4
1230, 2.5576357542457544E-4
1231, 2.546364405594406E-4
1232, 2.559894755244755E-4
1233, 2.552680929070929E-4
1234, 2.629506053946054E-4
1235, 2.6204635964035964E-4
1236, 2.5777027072927076E-4
1237, 2.652413546453547E-4
1238, 2.6203477922077923E-4
1239, 2.592217322677323E-4
1240, 2.588584395604396E-4
1241, 2.5939678821178827E-4
1242, 2.6086795904095903E-4
1243, 2.594862077922078E-4
1244, 2.612892837162837E-4
1245, 2.6052725474525477E-4
1246, 2.62958018981019E-4
1247, 2.6288846653346656E-4
1248, 2.611187112887113E-4
1249, 2.613735184815185E-4
1250, 2.708341028971029E-4
1251, 2.6177818781218784E-4
1252, 2.62319048951049E-4
1253, 2.7263755844155846E-4
1254, 2.623486453546454E-4
1255, 2.633968481518482E-4
1256, 2.655619570429571E-4
1257, 2.647947032967033E-4
1258, 2.642735384615385E-4
1259, 2.6543390109890115E-4
1260, 2.649725404595405E-4
1261, 2.6443520179820183E-4
1262, 2.677343706293706E-4
1263, 2.656956143856144E-4
1264, 2.6600511988011987E-4
1265, 2.6726539160839164E-4
1266, 2.6549789710289713E-4
1267, 2.65031070929071E-4
1268, 2.7304089510489515E-4
1269, 2.6849669730269737E-4
1270, 2.664070969030969E-4
1271, 2.709037912087912E-4
1272, 2.6689864435564437E-4
1273, 2.679261088911089E-4
1274, 2.6781774225774225E-4
1275, 2.678675664335664E-4
1276, 2.699777552447552E-4
1277, 2.6842598301698306E-4
1278, 2.68989985014985E-4
1279, 2.6955369730269737E-4
1280, 2.6955439760239765E-4
1281, 2.701105824175824E-4
1282, 2.705328281718282E-4
1283, 2.6968905694305697E-4
1284, 2.710076913086913E-4
1285, 2.7026745154845155E-4
1286, 2.7001683816183815E-4
1287, 2.7069519280719284E-4
1288, 2.706344275724276E-4
1289, 2.706118681318682E-4
1290, 2.7223808591408596E-4
1291, 2.706866233766234E-4
1292, 2.7227854045954044E-4
1293, 2.721912337662338E-4
1294, 2.724144215784216E-4
1295, 2.7248509390609394E-4
1296, 2.727461058941059E-4
1297, 2.714644855144855E-4
1298, 2.753343916083916E-4
1299, 2.7432607292707294E-4
1300, 2.736638031968032E-4
1301, 2.7417950249750253E-4
1302, 2.76178953046953E-4
1303, 2.7452850249750255E-4
1304, 2.7467649350649355E-4
1305, 2.748035074925075E-4
1306, 2.7602908891108895E-4
1307, 2.763003096903097E-4
1308, 2.7666244255744257E-4
1309, 2.7604205994005997E-4
1310, 2.7647366333666333E-4
1311, 2.7708302697302696E-4
1312, 2.7910341558441557E-4
1313, 2.76447028971029E-4
1314, 2.7954005394605395E-4
1315, 2.844512467532468E-4
1316, 2.791143146853147E-4
1317, 2.8490978421578424E-4
1318, 2.796911468531469E-4
1319, 2.806050909090909E-4
1320, 2.8132583216783217E-4
1321, 2.8130266133866134E-4
1322, 2.802566303696304E-4
1323, 2.822413276723277E-4
1324, 2.8318550749250747E-4
1325, 2.863658291708292E-4
1326, 2.8195465134865134E-4
1327, 2.8674226373626377E-4
1328, 2.842008211788212E-4
1329, 2.836754025974026E-4
1330, 2.8354197402597403E-4
1331, 2.8302346253746257E-4
1332, 2.894393956043956E-4
1333, 2.815384595404596E-4
1334, 2.848844485514486E-4
1335, 2.882161358641359E-4
1336, 2.8505501998002E-4
1337, 2.8967167232767235E-4
1338, 2.84644003996004E-4
1339, 2.914247422577423E-4
1340, 2.8388205494505497E-4
1341, 2.853129380619381E-4
1342, 2.915351998001998E-4
1343, 2.837567232767233E-4
1344, 2.9145255544455546E-4
1345, 2.846985004995005E-4
1346, 2.865846193806194E-4
1347, 2.9236861038961043E-4
1348, 2.877225834165834E-4
1349, 2.93442065934066E-4
1350, 2.8697363536463535E-4
1351, 2.877912537462538E-4
1352, 2.9321106993006996E-4
1353, 2.8750688011988017E-4
1354, 2.947554255744256E-4
1355, 2.887884305694306E-4
1356, 3.009905164835165E-4
1357, 2.902154015984016E-4
1358, 2.9191214185814184E-4
1359, 2.9615490909090913E-4
1360, 3.060785264735265E-4
1361, 3.278290859140859E-4
1362, 4.2112185414585414E-4
1363, 3.94104003996004E-4
1364, 3.7552445754245755E-4
1365, 4.885972087912088E-4
1366, 2.920023506493507E-4
1367, 2.984874345654346E-4
1368, 3.197372467532468E-4
1369, 3.1393954545454547E-4
1370, 3.204895864135864E-4
1371, 2.9890629670329674E-4
1372, 2.9749555044955047E-4
1373, 2.947864975024975E-4
1374, 2.9489623476523476E-4
1375, 2.961127882117882E-4
1376, 3.0153427572427577E-4
1377, 2.9429443856143853E-4
1378, 2.9982907692307695E-4
1379, 2.9487902897102903E-4
1380, 2.94424052947053E-4
1381, 3.031773276723277E-4
1382, 2.9596583516483516E-4
1383, 2.9512165434565434E-4
1384, 2.963959280719281E-4
1385, 3.02076026973027E-4
1386, 2.983917252747253E-4
1387, 2.963184085914086E-4
1388, 2.968539760239761E-4
1389, 2.9645712187812193E-4
1390, 2.9880301998002E-4
1391, 2.9789328971028975E-4
1392, 2.978872247752248E-4
1393, 2.966273426573427E-4
1394, 2.975689510489511E-4
1395, 2.985331398601399E-4
1396, 2.9839025274725275E-4
1397, 2.980677332667333E-4
1398, 3.0012591608391607E-4
1399, 3.005702827172827E-4
1400, 3.013203696303696E-4
1401, 2.9978142957042957E-4
1402, 2.998424035964036E-4
1403, 3.0039105194805193E-4
1404, 3.011629390609391E-4
1405, 2.995938911088911E-4
1406, 3.012998401598402E-4
1407, 3.005303146853147E-4
1408, 3.027325854145854E-4
1409, 3.046273126873127E-4
1410, 3.0671794405594407E-4
1411, 3.0324396003996004E-4
1412, 3.038217652347653E-4
1413, 3.012892287712288E-4
1414, 3.059676353646354E-4
1415, 3.0964136563436565E-4
1416, 3.0488423976023977E-4
1417, 3.0399117382617387E-4
1418, 3.103392567432568E-4
1419, 3.040337112887113E-4
1420, 3.1403901098901103E-4
1421, 3.0448083016983016E-4
1422, 3.081613066933067E-4
1423, 3.05955020979021E-4
1424, 3.0485788411588414E-4
1425, 3.0526661838161843E-4
1426, 3.054883056943057E-4
1427, 3.1294278321678323E-4
1428, 3.066556243756244E-4
1429, 3.1431781718281723E-4
1430, 3.0858088811188815E-4
1431, 3.148985734265734E-4
1432, 3.0787901298701305E-4
1433, 3.1206105594405595E-4
1434, 3.073898171828172E-4
1435, 3.0741270729270733E-4
1436, 3.0890723776223777E-4
1437, 3.0751077422577425E-4
1438, 3.115013576423576E-4
1439, 3.0878117382617383E-4
1440, 3.104857112887113E-4
1441, 3.0862389410589414E-4
1442, 3.113252987012987E-4
1443, 3.0973937662337665E-4
1444, 3.1160065334665335E-4
1445, 3.1662698001998E-4
1446, 3.1345598601398604E-4
1447, 3.1093589110889113E-4
1448, 3.1271327472527476E-4
1449, 3.126425804195804E-4
1450, 3.140606233766234E-4
1451, 3.1610443256743255E-4
1452, 3.172261908091908E-4
1453, 3.120826913086914E-4
1454, 3.219967592407593E-4
1455, 3.136072177822178E-4
1456, 3.178625764235765E-4
1457, 3.126279350649351E-4
1458, 3.1450138361638363E-4
1459, 3.130072327672328E-4
1460, 3.15490013986014E-4
1461, 3.1302882217782216E-4
1462, 3.15005971028971E-4
1463, 3.1381889410589414E-4
1464, 3.160086543456544E-4
1465, 3.1456295704295704E-4
1466, 3.17062972027972E-4
1467, 3.164701648351649E-4
1468, 3.178958631368632E-4
1469, 3.2371055044955047E-4
1470, 3.177281138861139E-4
1471, 3.2394011488511487E-4
1472, 3.1862377122877125E-4
1473, 3.1754940459540463E-4
1474, 3.220312837162837E-4
1475, 3.17610016983017E-4
1476, 3.1901639960039963E-4
1477, 3.1868735664335667E-4
1478, 3.1990179720279725E-4
1479, 3.1780837262737263E-4
1480, 3.1964037462537466E-4
1481, 3.2038627772227777E-4
1482, 3.2069601398601404E-4
1483, 3.204064145854146E-4
1484, 3.2046048251748257E-4
1485, 3.197102757242758E-4
1486, 3.2114899700299703E-4
1487, 3.205181338661339E-4
1488, 3.206624025974026E-4
1489, 3.21668027972028E-4
1490, 3.214573296703297E-4
1491, 3.23316975024975E-4
1492, 3.23807021978022E-4
1493, 3.229753306693307E-4
1494, 3.2357498401598407E-4
1495, 3.2341804495504496E-4
1496, 3.2377821478521483E-4
1497, 3.2452716083916086E-4
1498, 3.250883906093906E-4
1499, 3.25261003996004E-4
1500, 3.2637522577422576E-4
1501, 3.25066E-4
1502, 3.2312620279720283E-4
1503, 2.95687991008991E-4
1504, 2.7303117682317684E-4
1505, 2.5229992807192806E-4
1506, 2.3602305494505496E-4
1507, 2.2527304295704296E-4
1508, 2.2794575324675326E-4
1509, 2.2728754645354648E-4
1510, 2.2672455444555444E-4
1511, 2.2788302597402598E-4
1512, 2.2689458641358642E-4
1513, 2.410473076923077E-4
1514, 3.299279360639361E-4
1515, 3.286741298701299E-4
1516, 3.303055214785215E-4
1517, 3.314146083916084E-4
1518, 3.2997294605394606E-4
1519, 3.333916993006993E-4
1520, 3.288588731268731E-4
1521, 3.275922047952048E-4
1522, 3.31289998001998E-4
1523, 3.2943159140859146E-4
1524, 3.3219378221778224E-4
1525, 3.3059948151848155E-4
1526, 3.32285041958042E-4
1527, 3.295755194805195E-4
1528, 3.323632217782218E-4
1529, 3.3069944955044955E-4
1530, 3.3458476823176826E-4
1531, 3.326029450549451E-4
1532, 3.3332599800199803E-4
1533, 3.312624195804196E-4
1534, 3.32863014985015E-4
1535, 3.3320874225774223E-4
1536, 3.326327192807193E-4
1537, 3.373976113886114E-4
1538, 3.3350231268731273E-4
1539, 3.3962821678321683E-4
1540, 3.3407517182817184E-4
1541, 3.3946621178821177E-4
1542, 3.344896903096903E-4
1543, 3.3933233266733267E-4
1544, 3.3727738261738263E-4
1545, 3.3316950549450554E-4
1546, 3.368059720279721E-4
1547, 3.3622741658341656E-4
1548, 3.369283406593407E-4
1549, 3.427335994005994E-4
1550, 3.3628656843156846E-4
1551, 3.431172507492508E-4
1552, 3.364822027972028E-4
1553, 3.392572827172827E-4
1554, 3.3863185614385616E-4
1555, 3.35977001998002E-4
1556, 3.39111041958042E-4
1557, 3.3706433966033966E-4
1558, 3.387293916083916E-4
1559, 3.374664865134866E-4
1560, 3.3848854645354644E-4
1561, 3.399373266733267E-4
1562, 3.391143836163836E-4
1563, 3.3955120179820185E-4
1564, 3.405026493506494E-4
1565, 3.4100281418581417E-4
1566, 3.4304716383616384E-4
1567, 3.4117827972027974E-4
1568, 3.4581279620379623E-4
1569, 3.4022897402597406E-4
1570, 3.4211675524475525E-4
1571, 3.410123306693307E-4
1572, 3.485101468531469E-4
1573, 3.4617788011988016E-4
1574, 3.516953716283717E-4
1575, 3.4128035864135865E-4
1576, 3.5120317282717284E-4
1577, 3.4200165034965036E-4
1578, 3.5371794205794205E-4
1579, 3.451102577422578E-4
1580, 3.4655277122877125E-4
1581, 3.4581912787212785E-4
1582, 3.470488421578422E-4
1583, 3.466501578421579E-4
1584, 3.514075934065934E-4
1585, 3.455944465534466E-4
1586, 3.514477882117882E-4
1587, 3.4579675724275726E-4
1588, 3.5059455744255747E-4
1589, 3.4499244955044957E-4
1590, 3.479896083916084E-4
1591, 3.4557451748251747E-4
1592, 3.4779917782217786E-4
1593, 3.4646658141858144E-4
1594, 3.537341318681319E-4
1595, 3.4867697902097905E-4
1596, 3.485863086913087E-4
1597, 3.495555704295704E-4
1598, 3.495041448551449E-4
1599, 3.46874011988012E-4
1600, 3.49546000999001E-4
1601, 3.477793076923077E-4
1602, 3.478279410589411E-4
1603, 3.4784704795204796E-4
1604, 3.4870199900099904E-4
1605, 3.513145244755245E-4
1606, 3.5806905694305696E-4
1607, 3.5003467532467535E-4
1608, 3.515260819180819E-4
1609, 3.4934543956043957E-4
1610, 3.5126835164835167E-4
1611, 3.51168972027972E-4
1612, 3.510075894105894E-4
1613, 3.5082274425574426E-4
1614, 3.5181087412587415E-4
1615, 3.515103356643357E-4
1616, 3.602030949050949E-4
1617, 3.5155882817182823E-4
1618, 3.5946187412587416E-4
1619, 3.568302517482518E-4
1620, 3.5330988711288717E-4
1621, 3.5385468131868134E-4
1622, 3.5518522577422575E-4
1623, 3.514176013986014E-4
1624, 3.611238231768232E-4
1625, 3.524794055944056E-4
1626, 3.570423276723277E-4
1627, 3.54497061938062E-4
1628, 3.5497863036963034E-4
1629, 3.5351010189810196E-4
1630, 3.606945694305695E-4
1631, 3.5389896803196807E-4
1632, 3.554532117882118E-4
1633, 3.5748283816183817E-4
1634, 3.560044015984016E-4
1635, 3.5649770129870135E-4
1636, 3.581148101898102E-4
1637, 3.592806173826174E-4
1638, 3.589618241758242E-4
1639, 3.581596393606394E-4
1640, 3.598566093906094E-4
1641, 3.6078727772227774E-4
1642, 3.5937535064935064E-4
1643, 3.5963779420579423E-4
1644, 3.59885033966034E-4
1645, 3.590633016983017E-4
1646, 3.6185145454545455E-4
1647, 3.6385011288711294E-4
1648, 3.597719520479521E-4
1649, 3.592031058941059E-4
1650, 3.6140715784215786E-4
1651, 3.604706733266734E-4
1652, 3.629815894105894E-4
1653, 3.6038536763236765E-4
1654, 3.6228364635364636E-4
1655, 3.613547502497503E-4
1656, 3.6260925574425575E-4
1657, 3.624991178821179E-4
1658, 3.627188031968032E-4
1659, 3.6178486113886115E-4
1660, 3.639361968031968E-4
1661, 3.630118321678322E-4
1662, 3.6428587712287715E-4
1663, 3.6233527972027974E-4
1664, 3.6370825174825177E-4
1665, 3.625150699300699E-4
1666, 3.6464167232767234E-4
1667, 3.6390946053946056E-4
1668, 3.6519221178821183E-4
1669, 3.640310679320679E-4
1670, 3.663101368631369E-4
1671, 3.645725304695305E-4
1672, 3.6653989110889114E-4
1673, 3.6543306493506494E-4
1674, 3.667074195804196E-4
1675, 3.6697561738261743E-4
1676, 3.725533336663337E-4
1677, 3.659605844155844E-4
1678, 3.7121328971028973E-4
1679, 3.6779681818181824E-4
1680, 3.6747524075924075E-4
1681, 3.6807069130869135E-4
1682, 3.7017097102897106E-4
1683, 3.678608341658342E-4
1684, 3.710434965034965E-4
1685, 3.6899459340659343E-4
1686, 3.7078735864135866E-4
1687, 3.6461661538461545E-4
1688, 3.7100255944055947E-4
1689, 3.719544465534466E-4
1690, 3.660061408591409E-4
1691, 3.7204798901098907E-4
1692, 3.662935554445555E-4
1693, 3.676526853146853E-4
1694, 3.6923136063936064E-4
1695, 3.6668401298701304E-4
1696, 3.66748008991009E-4
1697, 3.688645224775225E-4
1698, 3.6963194605394605E-4
1699, 3.671593546453547E-4
1700, 3.740527112887113E-4
1701, 3.7586578621378626E-4
1702, 3.753183976023976E-4
1703, 3.745797392607393E-4
1704, 3.92183070929071E-4
1705, 3.736647142857143E-4
1706, 5.112914765234766E-4
1707, 6.584619930069931E-4
1708, 6.108295274725275E-4
1709, 3.99439018981019E-4
1710, 3.86256071928072E-4
1711, 3.855313456543457E-4
1712, 3.837961218781219E-4
1713, 3.7811293106893105E-4
1714, 3.795646943056943E-4
1715, 3.781362417582418E-4
1716, 3.774593186813187E-4
1717, 3.783199350649351E-4
1718, 3.7901924675324677E-4
1719, 3.765778431568432E-4
1720, 3.7904086613386616E-4
1721, 3.794999440559441E-4
1722, 3.7905559740259744E-4
1723, 3.784991218781219E-4
1724, 3.79410012987013E-4
1725, 3.773006353646354E-4
1726, 3.808782197802198E-4
1727, 3.8183478121878124E-4
1728, 3.831708401598402E-4
1729, 3.826822347652348E-4
1730, 3.9061046253746254E-4
1731, 3.8237076723276727E-4
1732, 3.824769810189811E-4
1733, 3.806155944055944E-4
1734, 3.821055404595405E-4
1735, 3.8111255544455544E-4
1736, 4.101231608391608E-4
1737, 3.8173157542457546E-4
1738, 3.837858141858142E-4
1739, 3.8234912587412594E-4
1740, 3.825972357642358E-4
1741, 3.831381068931069E-4
1742, 3.846362197802198E-4
1743, 3.815713116883117E-4
1744, 3.843093586413587E-4
1745, 3.839881128871129E-4
1746, 3.8658574525474523E-4
1747, 3.8392439560439566E-4
1748, 3.8621000000000006E-4
1749, 3.876685584415585E-4
1750, 3.9549423376623383E-4
1751, 3.8709084215784214E-4
1752, 3.9611926973026976E-4
1753, 3.8766639460539464E-4
1754, 3.914485114885115E-4
1755, 3.8668477922077925E-4
1756, 3.8769769130869133E-4
1757, 3.8683424275724276E-4
1758, 3.869887792207792E-4
1759, 3.8491881718281717E-4
1760, 3.871767062937063E-4
1761, 3.853266193806194E-4
1762, 3.883296823176823E-4
1763, 3.868777092907093E-4
1764, 3.881477002997003E-4
1765, 3.8769802897102904E-4
1766, 3.8957534965034966E-4
1767, 3.883442237762238E-4
1768, 3.8932336463536467E-4
1769, 3.88293047952048E-4
1770, 3.9104016183816185E-4
1771, 3.8869493506493507E-4
1772, 3.907673296703297E-4
1773, 3.8830645854145854E-4
1774, 3.9162295004995006E-4
1775, 3.893010829170829E-4
1776, 3.919602797202797E-4
1777, 3.909785164835165E-4
1778, 3.9258510489510495E-4
1779, 3.918733426573427E-4
1780, 3.9171804295704297E-4
1781, 3.9043969430569434E-4
1782, 3.907617212787213E-4
1783, 3.5525819680319685E-4
1784, 3.225381388611389E-4
1785, 2.9262990509490514E-4
1786, 3.1899910889110895E-4
1787, 3.961057272727273E-4
1788, 3.959224835164835E-4
1789, 3.9576207992007996E-4
1790, 3.961189180819181E-4
1791, 3.9670966433566436E-4
1792, 3.96626068931069E-4
1793, 3.929607862137862E-4
1794, 3.949700949050949E-4
1795, 3.9617831968031966E-4
1796, 3.9639976623376624E-4
1797, 3.9703362037962043E-4
1798, 3.9396074525474523E-4
1799, 3.9291760539460544E-4
1800, 3.96147981018981E-4
1801, 3.950794895104895E-4
1802, 3.957286363636364E-4
1803, 3.9933786013986015E-4
1804, 4.0112079620379623E-4
1805, 3.9861922877122875E-4
1806, 3.981884655344656E-4
1807, 3.9735256043956044E-4
1808, 4.009245814185814E-4
1809, 3.98605034965035E-4
1810, 4.0133694705294705E-4
1811, 3.980222457542458E-4
1812, 4.0522328571428575E-4
1813, 4.081166413586414E-4
1814, 4.0433058041958045E-4
1815, 4.0062492207792213E-4
1816, 4.0314753646353654E-4
1817, 4.033833966033966E-4
1818, 4.0592748051948053E-4
1819, 4.1012597702297707E-4
1820, 4.0311660839160843E-4
1821, 4.019335444555445E-4
1822, 4.041774425574426E-4
1823, 4.034666693306694E-4
1824, 4.0404985814185816E-4
1825, 4.0598623076923076E-4
1826, 4.0760335964035963E-4
1827, 4.087864125874126E-4
1828, 4.0424788311688316E-4
1829, 4.1203565434565437E-4
1830, 4.064579190809191E-4
1831, 4.060597542457543E-4
1832, 4.065194635364636E-4
1833, 4.0412455244755245E-4
1834, 4.0541386913086914E-4
1835, 4.0623428871128876E-4
1836, 4.07891043956044E-4
1837, 4.070133316683317E-4
1838, 4.083364285714286E-4
1839, 4.069184265734266E-4
1840, 4.0945519480519485E-4
1841, 4.111713916083916E-4
1842, 4.0968908191808194E-4
1843, 4.0860470729270733E-4
1844, 4.091509130869131E-4
1845, 4.0995911188811194E-4
1846, 4.1098470329670335E-4
1847, 4.0755357942057945E-4
1848, 4.086284465534466E-4
1849, 4.072534925074925E-4
1850, 4.1033615584415585E-4
1851, 4.085975974025974E-4
1852, 4.137836233766234E-4
1853, 4.228974555444556E-4
1854, 4.1646371828171834E-4
1855, 4.1227870329670334E-4
1856, 4.2137996403596406E-4
1857, 4.149786463536464E-4
1858, 4.141939170829171E-4
1859, 4.138836903096903E-4
1860, 4.1581565934065937E-4
1861, 4.1991699000999005E-4
1862, 4.20025987012987E-4
1863, 4.206793386613387E-4
1864, 4.169104525474526E-4
1865, 4.1978956543456544E-4
1866, 4.2556799800199806E-4
1867, 4.1394708491508496E-4
1868, 4.196516813186814E-4
1869, 4.182831738261738E-4
1870, 4.199159260739261E-4
1871, 4.157413006993007E-4
1872, 4.1899805894105897E-4
1873, 4.275559360639361E-4
1874, 4.195287212787213E-4
1875, 4.1674827572427576E-4
1876, 4.18147E-4
1877, 4.2312215784215786E-4
1878, 4.201506323676324E-4
1879, 4.1994313786213787E-4
1880, 4.253722997002997E-4
1881, 4.194643006993007E-4
1882, 4.2114006193806196E-4
1883, 4.196806623376624E-4
1884, 4.207509150849151E-4
1885, 4.194274365634366E-4
1886, 4.2132979020979025E-4
1887, 4.22196020979021E-4
1888, 4.2174937262737266E-4
1889, 4.247733436563437E-4
1890, 4.234953166833167E-4
1891, 4.2169428271728276E-4
1892, 4.233373646353647E-4
1893, 4.2370098801198803E-4
1894, 4.247813596403597E-4
1895, 4.2320365534465537E-4
1896, 4.251187392607393E-4
1897, 4.25004045954046E-4
1898, 4.2548147152847156E-4
1899, 4.250206203796204E-4
1900, 4.270341828171828E-4
1901, 4.2731417182817184E-4
1902, 4.273012197802198E-4
1903, 4.302913106893107E-4
1904, 4.29122E-4
1905, 4.2464965834165835E-4
1906, 4.335135484515485E-4
1907, 4.2542567932067935E-4
1908, 4.345393206793207E-4
1909, 4.2674776523476526E-4
1910, 4.2845752647352654E-4
1911, 4.3339967532467536E-4
1912, 4.2900618481518486E-4
1913, 4.353656543456544E-4
1914, 4.2887247452547453E-4
1915, 4.280914385614386E-4
1916, 4.292148491508492E-4
1917, 4.295493256743257E-4
1918, 4.3088099100899104E-4
1919, 4.275233716283717E-4
1920, 4.287699020979021E-4
1921, 4.2914476423576425E-4
1922, 4.2896448451548453E-4
1923, 4.272589450549451E-4
1924, 4.3380865434565437E-4
1925, 4.30925067932068E-4
1926, 4.3557227372627375E-4
1927, 4.3271356943056947E-4
1928, 4.316454175824176E-4
1929, 4.335283436563437E-4
1930, 4.3494064035964035E-4
1931, 4.324296753246754E-4
1932, 4.342868581418582E-4
1933, 4.319006533466534E-4
1934, 4.341983986013986E-4
1935, 4.413716233766234E-4
1936, 4.3529540459540464E-4
1937, 4.3440519180819185E-4
1938, 4.3686592207792214E-4
1939, 4.361127512487513E-4
1940, 4.377098921078921E-4
1941, 4.3499588611388613E-4
1942, 4.3692674425574424E-4
1943, 4.381914005994006E-4
1944, 4.368026443556444E-4
1945, 4.3583265934065937E-4
1946, 4.377047152847153E-4
1947, 4.3587133266733265E-4
1948, 4.386341328671329E-4
1949, 4.3777935064935066E-4
1950, 4.6984606193806194E-4
1951, 4.369117582417583E-4
1952, 4.5611017482517487E-4
1953, 4.402436333666334E-4
1954, 4.3838456743256745E-4
1955, 4.384006523476524E-4
1956, 4.39306006993007E-4
1957, 4.38192025974026E-4
1958, 4.448753736263736E-4
1959, 4.5545969430569434E-4
1960, 4.4901588811188816E-4
1961, 4.43159014985015E-4
1962, 4.6156735964035967E-4
1963, 4.4786566433566437E-4
1964, 4.4989572027972027E-4
1965, 4.563596223776224E-4
1966, 4.6589949450549453E-4
1967, 4.646122977022977E-4
1968, 5.126906793206794E-4
1969, 5.73676048951049E-4
1970, 4.808325234765235E-4
1971, 4.724681378621379E-4
1972, 4.506144875124876E-4
1973, 4.619844065934066E-4
1974, 4.517848181818182E-4
1975, 4.4135800799200803E-4
1976, 4.499251218781219E-4
1977, 4.475494675324676E-4
1978, 4.445923746253746E-4
1979, 4.4498407392607397E-4
1980, 4.493176503496504E-4
1981, 4.454414495504496E-4
1982, 4.462402807192807E-4
1983, 4.435915834165834E-4
1984, 4.467713926073926E-4
1985, 4.4359148251748253E-4
1986, 4.4506996803196804E-4
1987, 4.446646163836164E-4
1988, 4.460836593406594E-4
1989, 4.4551753546453554E-4
1990, 4.4779855544455543E-4
1991, 4.497145704295705E-4
1992, 4.4916057742257746E-4
1993, 4.480153266733267E-4
1994, 4.485175334665335E-4
1995, 4.4718901998002E-4
1996, 4.507453656343656E-4
1997, 4.475375404595405E-4
1998, 4.5297610089910093E-4
1999, 4.4843878121878124E-4
2000, 4.4830408091908096E-4
2001, 4.4734147452547455E-4
2002, 4.4947879620379626E-4
2003, 4.496683356643357E-4
2004, 4.492591798201798E-4
2005, 4.480927922077922E-4
2006, 4.490242107892108E-4
2007, 4.4777973226773233E-4
2008, 4.4937594305694304E-4
2009, 4.4822998201798204E-4
2010, 4.498707232767233E-4
2011, 4.496634885114885E-4
2012, 4.5230277722277726E-4
2013, 4.510818391608392E-4
2014, 4.525286973026973E-4
2015, 4.5025336163836163E-4
2016, 4.5141340359640365E-4
2017, 4.4953118881118883E-4
2018, 4.5191798201798204E-4
2019, 4.5092176623376623E-4
2020, 4.516237092907093E-4
2021, 4.5030028171828173E-4
2022, 4.52606002997003E-4
2023, 4.523028431568432E-4
2024, 4.5382877122877125E-4
2025, 4.5162990309690314E-4
2026, 4.526822197802198E-4
2027, 4.518399300699301E-4
2028, 4.1143772227772234E-4
2029, 3.666909460539461E-4
2030, 4.5471207492507495E-4
2031, 4.5691973026973034E-4
2032, 4.574067122877123E-4
2033, 4.558373156843157E-4
2034, 4.5708913886113894E-4
2035, 4.5622384915084915E-4
2036, 4.59576051948052E-4
2037, 4.570951838161838E-4
2038, 4.5850035364635366E-4
2039, 4.585868601398602E-4
2040, 4.5898718681318683E-4
2041, 4.5768182517482516E-4
2042, 4.588442787212788E-4
2043, 4.592287112887113E-4
2044, 4.617902297702298E-4
2045, 4.6104483616383617E-4
2046, 4.615607152847153E-4
2047, 4.687002187812188E-4
2048, 4.617179250749251E-4
2049, 4.5994832967032967E-4
2050, 4.619447362637363E-4
2051, 4.601417012987013E-4
2052, 4.611627092907093E-4
2053, 4.667052417582418E-4
2054, 4.6153289810189815E-4
2055, 4.669916863136863E-4
2056, 4.675549170829171E-4
2057, 4.648482277722278E-4
2058, 4.6691038261738267E-4
2059, 4.6874114085914087E-4
2060, 4.6407649950049956E-4
2061, 4.697166483516484E-4
2062, 4.6630249950049954E-4
2063, 4.648167972027972E-4
2064, 4.672595414585415E-4
2065, 4.638018941058941E-4
2066, 4.6577805194805195E-4
2067, 4.678443406593407E-4
2068, 4.719026423576424E-4
2069, 4.6670044155844157E-4
2070, 4.673511508491509E-4
2071, 4.665138151848152E-4
2072, 4.678998181818182E-4
2073, 4.736277752247753E-4
2074, 4.74249017982018E-4
2075, 4.6881746353646356E-4
2076, 4.69189003996004E-4
2077, 4.6907170029970033E-4
2078, 4.7038769030969033E-4
2079, 4.714034935064935E-4
2080, 4.6981542057942063E-4
2081, 4.7224177922077924E-4
2082, 4.682772517482518E-4
2083, 4.6801310589410596E-4
2084, 4.705426063936064E-4
2085, 4.714599720279721E-4
2086, 4.7143356843156847E-4
2087, 4.7228278421578425E-4
2088, 4.781974075924076E-4
2089, 4.7851514985014986E-4
2090, 4.717636413586414E-4
2091, 4.77332998001998E-4
2092, 4.767918251748252E-4
2093, 4.720646583416584E-4
2094, 4.751941628371628E-4
2095, 4.740914415584416E-4
2096, 4.749648671328671E-4
2097, 4.721882367632368E-4
2098, 4.7479873926073934E-4
2099, 4.7464473226773227E-4
2100, 4.769332287712288E-4
2101, 4.765097412587413E-4
2102, 4.764422007992008E-4
2103, 4.7598909690309694E-4
2104, 4.769723216783217E-4
2105, 4.777756563436564E-4
2106, 4.7796499400599404E-4
2107, 4.785926033966034E-4
2108, 4.776774075924076E-4
2109, 4.777359000999002E-4
2110, 4.8100613886113886E-4
2111, 4.780251058941059E-4
2112, 4.795448581418582E-4
2113, 4.7957549550449555E-4
2114, 4.833983566433567E-4
2115, 4.784655374625375E-4
2116, 4.8018507692307696E-4
2117, 4.885396513486514E-4
2118, 4.8575210089910097E-4
2119, 4.833169030969031E-4
2120, 4.898578231768233E-4
2121, 4.848635184815185E-4
2122, 4.819951158841159E-4
2123, 4.8080572627372633E-4
2124, 4.91257988011988E-4
2125, 4.793711798201798E-4
2126, 4.890364105894107E-4
2127, 4.820591508491509E-4
2128, 4.835324825174825E-4
2129, 4.8142187312687315E-4
2130, 4.815668321678322E-4
2131, 4.844956783216784E-4
2132, 4.82461017982018E-4
2133, 4.8445809390609395E-4
2134, 4.8403941058941063E-4
2135, 4.8273008491508495E-4
2136, 4.84855016983017E-4
2137, 4.90682030969031E-4
2138, 4.889325744255745E-4
2139, 4.886976143856144E-4
2140, 4.850672237762238E-4
2141, 4.854905794205795E-4
2142, 4.8733399000999006E-4
2143, 4.849704365634366E-4
2144, 4.906842417582418E-4
2145, 4.857528021978022E-4
2146, 4.884475494505494E-4
2147, 4.8614131768231773E-4
2148, 4.903056823176823E-4
2149, 4.925101438561439E-4
2150, 4.918983696303697E-4
2151, 4.894374085914087E-4
2152, 4.898805724275725E-4
2153, 4.8791600499500503E-4
2154, 4.909855554445555E-4
2155, 4.935432817182818E-4
2156, 4.906307992007992E-4
2157, 4.8809752447552453E-4
2158, 4.900293936063936E-4
2159, 4.915811448551449E-4
2160, 4.911197032967034E-4
2161, 4.905753186813188E-4
2162, 4.932748101898102E-4
2163, 4.958227872127873E-4
2164, 4.924326303696304E-4
2165, 4.932757302697303E-4
2166, 4.917745134865136E-4
2167, 4.930599680319681E-4
2168, 4.919316833166833E-4
2169, 4.920583856143857E-4
2170, 4.91931061938062E-4
2171, 4.923870969030969E-4
2172, 4.939758611388612E-4
2173, 4.921240119880121E-4
2174, 4.954864645354645E-4
2175, 4.959899820179821E-4
2176, 4.957945674325674E-4
2177, 4.934746933066933E-4
2178, 4.957325224775224E-4
2179, 4.952875164835165E-4
2180, 4.971491418581419E-4
2181, 4.957746993006993E-4
2182, 5.002772247752248E-4
2183, 4.968315994005995E-4
2184, 4.974707462537463E-4
2185, 4.963403306693306E-4
2186, 4.990602407592407E-4
2187, 4.957785094905095E-4
2188, 4.987574405594406E-4
2189, 4.965582037962038E-4
2190, 4.988522347652347E-4
2191, 4.97491002997003E-4
2192, 5.034644275724276E-4
2193, 5.060166793206793E-4
2194, 5.088937182817183E-4
2195, 5.041598651348652E-4
2196, 5.013929930069931E-4
2197, 4.999783146853147E-4
2198, 5.025255204795206E-4
2199, 5.004702917082917E-4
2200, 5.083526943056943E-4
2201, 5.476693826173826E-4
2202, 5.533637792207792E-4
2203, 5.093377212787213E-4
2204, 5.519679160839162E-4
2205, 5.016395694305694E-4
2206, 5.100051638361639E-4
2207, 5.035567642357642E-4
2208, 5.050524055944057E-4
2209, 5.030235894105895E-4
2210, 5.089803096903097E-4
2211, 5.052755124875125E-4
2212, 5.076477042957044E-4
2213, 5.091536533466533E-4
2214, 5.073228641358641E-4
2215, 5.207183236763237E-4
2216, 5.149474285714285E-4
2217, 5.198179520479521E-4
2218, 5.176175034965036E-4
2219, 5.080153586413587E-4
2220, 5.030339650349651E-4
2221, 5.006026613386614E-4
2222, 5.007824405594406E-4
2223, 4.998313746253746E-4
2224, 5.005526353646354E-4
2225, 5.003831248751249E-4
2226, 5.017884455544456E-4
2227, 4.998307022977024E-4
2228, 5.025230879120879E-4
2229, 5.011115414585415E-4
2230, 5.024021898101898E-4
2231, 5.014759750249751E-4
2232, 5.007210429570431E-4
2233, 5.095267182817182E-4
2234, 5.037034565434566E-4
2235, 5.00093944055944E-4
2236, 5.01716968031968E-4
2237, 5.104321728271728E-4
2238, 5.098471718281719E-4
2239, 5.067219900099901E-4
2240, 5.101146693306693E-4
2241, 5.174243236763238E-4
2242, 5.163388871128871E-4
2243, 5.075612467532468E-4
2244, 5.127529260739262E-4
2245, 5.064157562437563E-4
2246, 5.055162967032967E-4
2247, 5.073497162837163E-4
2248, 5.055605344655345E-4
2249, 5.061547322677323E-4
2250, 5.071855894105894E-4
2251, 5.059412817182817E-4
2252, 5.082396373626373E-4
2253, 5.046997262737263E-4
2254, 5.085019500499501E-4
2255, 5.061719860139861E-4
2256, 5.082751278721279E-4
2257, 5.083301958041959E-4
2258, 5.367835654345655E-4
2259, 5.223637632367633E-4
2260, 5.172195944055945E-4
2261, 5.164402807192807E-4
2262, 5.201205054945055E-4
2263, 5.140375224775225E-4
2264, 5.184588871128871E-4
2265, 5.190327772227772E-4
2266, 5.209468101898102E-4
2267, 5.199138311688312E-4
2268, 5.2026300999001E-4
2269, 5.218090959040959E-4
2270, 5.227168031968032E-4
2271, 5.192791848151848E-4
2272, 5.218496513486515E-4
2273, 5.21784041958042E-4
2274, 5.209504195804196E-4
2275, 5.221502677322679E-4
2276, 5.250159370629371E-4
2277, 5.240739690309691E-4
2278, 5.252758781218781E-4
2279, 5.216872537462538E-4
2280, 5.246061708291708E-4
2281, 5.248891928071929E-4
2282, 5.225769850149851E-4
2283, 5.224444865134866E-4
2284, 5.228247142857144E-4
2285, 5.212936623376624E-4
2286, 5.263885254745255E-4
2287, 5.22579044955045E-4
2288, 5.243747332667333E-4
2289, 5.287207792207793E-4
2290, 5.253236863136864E-4
2291, 5.236418091908092E-4
2292, 5.253921558441559E-4
2293, 5.2447505994006E-4
2294, 5.272113646353647E-4
2295, 5.259191948051949E-4
2296, 5.266343406593407E-4
2297, 5.272705154845156E-4
2298, 5.389823576423577E-4
2299, 5.288994545454545E-4
2300, 5.300388681318682E-4
2301, 5.297522827172827E-4
2302, 5.297834705294706E-4
2303, 5.276206153846155E-4
2304, 5.328283596403596E-4
2305, 5.297557742257742E-4
2306, 5.317148781218781E-4
2307, 5.296712087912088E-4
2308, 5.3398803996004E-4
2309, 5.336271588411589E-4
2310, 5.326546123876124E-4
2311, 5.302433566433567E-4
2312, 5.35249010989011E-4
2313, 5.327408691308692E-4
2314, 5.362582377622378E-4
2315, 5.352522227772228E-4
2316, 5.339166333666334E-4
2317, 5.353717682317683E-4
2318, 5.332263486513487E-4
2319, 4.770011088911089E-4
2320, 4.190026913086913E-4
2321, 4.839452677322678E-4
2322, 5.353768911088912E-4
2323, 5.341580959040959E-4
2324, 5.344046553446553E-4
2325, 5.333988191808192E-4
2326, 5.345574105894106E-4
2327, 5.38759048951049E-4
2328, 5.361747292707292E-4
2329, 5.344245204795205E-4
2330, 5.376317352647353E-4
2331, 5.390141938061938E-4
2332, 5.402117902097903E-4
2333, 5.373137212787214E-4
2334, 5.385117272727273E-4
2335, 5.351541888111888E-4
2336, 5.394681968031969E-4
2337, 5.371982667332668E-4
2338, 5.411282627372627E-4
2339, 5.395721378621379E-4
2340, 5.425948981018982E-4
2341, 5.382666563436564E-4
2342, 5.403210539460541E-4
2343, 5.382163106893108E-4
2344, 5.41963043956044E-4
2345, 5.383164385614386E-4
2346, 5.429397522477522E-4
2347, 5.388086053946054E-4
2348, 5.410161298701299E-4
2349, 5.47744115884116E-4
2350, 5.442131638361639E-4
2351, 5.448916673326674E-4
2352, 5.442529490509491E-4
2353, 5.437828501498502E-4
2354, 5.450894725274726E-4
2355, 5.456445064935065E-4
2356, 5.461540189810191E-4
2357, 5.434716013986015E-4
2358, 5.450548101898102E-4
2359, 5.461987972027973E-4
2360, 5.465225154845156E-4
2361, 5.466476563436563E-4
2362, 5.507857372627373E-4
2363, 5.461011488511489E-4
2364, 5.523923666333666E-4
2365, 5.477368841158842E-4
2366, 5.501351478521479E-4
2367, 5.5465602997003E-4
2368, 5.500209860139861E-4
2369, 5.484166483516484E-4
2370, 5.518901778221779E-4
2371, 5.488066543456544E-4
2372, 5.507834225774226E-4
2373, 5.495518361638362E-4
2374, 5.505532467532468E-4
2375, 5.537072637362638E-4
2376, 5.581519280719281E-4
2377, 5.569801648351649E-4
2378, 5.584236783216783E-4
2379, 5.491142547452548E-4
2380, 5.572782487512488E-4
2381, 5.560518071928072E-4
2382, 5.592116883116883E-4
2383, 5.564615714285715E-4
2384, 5.526031668331669E-4
2385, 5.575316023976024E-4
2386, 5.602435654345655E-4
2387, 5.571499220779221E-4
2388, 5.607615454545456E-4
2389, 5.545192907092907E-4
2390, 5.556516583416583E-4
2391, 5.531871548451548E-4
2392, 5.54671115884116E-4
2393, 5.533753516483518E-4
2394, 5.544219330669331E-4
2395, 5.533184005994006E-4
2396, 5.550447862137862E-4
2397, 5.541478681318681E-4
2398, 5.556447892107893E-4
2399, 5.527164035964037E-4
2400, 5.575117592407592E-4
2401, 5.552579440559441E-4
2402, 5.585387722277723E-4
2403, 5.55986942057942E-4
2404, 5.584576403596405E-4
2405, 5.57197047952048E-4
2406, 5.583489720279721E-4
2407, 5.577807162837163E-4
2408, 5.593008491508491E-4
2409, 5.614224155844156E-4
2410, 5.580306283716283E-4
2411, 5.573994955044955E-4
2412, 5.603438261738262E-4
2413, 5.592183936063936E-4
2414, 5.629087572427572E-4
2415, 5.657337402597402E-4
2416, 5.670374495504495E-4
2417, 5.659836423576424E-4
2418, 5.648644955044955E-4
2419, 5.606066073926074E-4
2420, 5.628307752247752E-4
2421, 5.620193626373627E-4
2422, 5.643812147852149E-4
2423, 5.609997862137862E-4
2424, 5.625584815184816E-4
2425, 5.639245164835166E-4
2426, 5.641521888111889E-4
2427, 5.733598011988013E-4
2428, 5.715363086913087E-4
2429, 5.647539430569431E-4
2430, 5.651608351648353E-4
2431, 5.641021438561439E-4
2432, 5.642876373626374E-4
2433, 5.659038151848151E-4
2434, 5.660165154845156E-4
2435, 5.690963856143856E-4
2436, 5.686899130869132E-4
2437, 5.654691268731269E-4
2438, 5.730294435564436E-4
2439, 5.670485714285715E-4
2440, 5.770794465534467E-4
2441, 5.663064115884116E-4
2442, 5.698996783216785E-4
2443, 5.666237822177822E-4
2444, 5.718052927072927E-4
2445, 5.676283156843157E-4
2446, 5.780972907092908E-4
2447, 5.70058026973027E-4
2448, 5.706195164835165E-4
2449, 5.760233636363637E-4
2450, 5.713701528471529E-4
2451, 5.697627432567433E-4
2452, 5.706505624375625E-4
2453, 5.744373006993008E-4
2454, 5.743819010989011E-4
2455, 5.810998791208791E-4
2456, 5.748574945054946E-4
2457, 5.748279070929072E-4
2458, 5.747335324675325E-4
2459, 5.751513946053947E-4
2460, 5.779632157842158E-4
2461, 5.746206913086914E-4
2462, 5.75358938061938E-4
2463, 5.745748301698301E-4
2464, 5.752487502497502E-4
2465, 5.771751028971029E-4
2466, 5.777795004995006E-4
2467, 5.75411974025974E-4
2468, 5.761384095904096E-4
2469, 5.790996533466534E-4
2470, 5.784707742257742E-4
2471, 5.761055694305695E-4
2472, 5.77404003996004E-4
2473, 5.741731088911089E-4
2474, 5.785119890109891E-4
2475, 5.743149150849151E-4
2476, 5.847393996003997E-4
2477, 5.8136807992008E-4
2478, 5.804702407592408E-4
2479, 5.77366037962038E-4
2480, 5.788646113886114E-4
2481, 5.774676373626374E-4
2482, 5.912804065934066E-4
2483, 5.851482607392608E-4
2484, 5.826045874125875E-4
2485, 5.803133586413587E-4
2486, 5.834005744255745E-4
2487, 5.800806003996004E-4
2488, 5.861224355644355E-4
2489, 5.864589450549451E-4
2490, 5.84716965034965E-4
2491, 5.808042727272728E-4
2492, 5.819912087912088E-4
2493, 5.786732567432568E-4
2494, 5.817447992007992E-4
2495, 5.80222063936064E-4
2496, 5.84598167832168E-4
2497, 5.823064675324676E-4
2498, 5.85005078921079E-4
2499, 5.818996643356644E-4
2500, 5.837500419580419E-4
2501, 5.818464965034965E-4
2502, 5.839262767232767E-4
2503, 5.842846753246753E-4
2504, 5.824164635364635E-4
2505, 5.863842227772228E-4
2506, 5.817462457542458E-4
2507, 5.818511398601398E-4
2508, 5.843803586413587E-4
2509, 5.82112070929071E-4
2510, 5.86604106893107E-4
2511, 5.829218611388612E-4
2512, 5.853947812187813E-4
2513, 5.964028541458542E-4
2514, 5.860028611388611E-4
2515, 5.838221398601399E-4
2516, 5.862912567432568E-4
2517, 5.846146243756245E-4
2518, 5.886431388611389E-4
2519, 5.867804015984016E-4
2520, 5.872243856143857E-4
2521, 5.859331758241758E-4
2522, 5.900162887112887E-4
2523, 5.92054041958042E-4
2524, 5.943941928071928E-4
2525, 5.883753176823178E-4
2526, 5.912292567432567E-4
2527, 5.887792567432567E-4
2528, 5.935368991008992E-4
2529, 5.965032477522477E-4
2530, 5.977148561438562E-4
2531, 5.980538471528471E-4
2532, 5.994915154845156E-4
2533, 5.980400939060939E-4
2534, 5.9892410989011E-4
2535, 5.982369680319681E-4
2536, 5.984906933066933E-4
2537, 5.993689640359641E-4
2538, 6.019070519480519E-4
2539, 5.988857342657343E-4
2540, 5.976377232767234E-4
2541, 5.988806993006994E-4
2542, 6.040926253746254E-4
2543, 6.015504135864137E-4
2544, 5.97289041958042E-4
2545, 5.954399260739261E-4
2546, 5.963554305694306E-4
2547, 5.994664185814187E-4
2548, 6.00308016983017E-4
2549, 5.965146313686315E-4
2550, 5.989215524475525E-4
2551, 5.979241648351648E-4
2552, 6.005710189810191E-4
2553, 5.988247952047952E-4
2554, 6.005473266733267E-4
2555, 5.985495694305695E-4
2556, 6.006465254745255E-4
2557, 6.008012427572428E-4
2558, 6.021732427572428E-4
2559, 6.017704845154845E-4
2560, 6.023007762237763E-4
2561, 6.027966553446553E-4
2562, 6.048651358641359E-4
2563, 6.020673976023977E-4
2564, 6.011012667332667E-4
2565, 6.022667532467533E-4
2566, 6.005371848151848E-4
2567, 6.014132237762238E-4
2568, 6.024395864135864E-4
2569, 6.014380949050949E-4
2570, 6.045138311688312E-4
2571, 6.02841131868132E-4
2572, 6.037515824175825E-4
2573, 6.027549660339661E-4
2574, 6.024013106893107E-4
2575, 6.026789770229771E-4
2576, 6.039705754245755E-4
2577, 6.015998761238762E-4
2578, 6.034570879120879E-4
2579, 6.03097007992008E-4
2580, 6.116091498501499E-4
2581, 6.100533856143857E-4
2582, 6.143396483516484E-4
2583, 6.046863506493507E-4
2584, 6.16705993006993E-4
2585, 6.059215584415584E-4
2586, 6.099582797202798E-4
2587, 6.083666233766234E-4
2588, 6.093162567432568E-4
2589, 6.07468984015984E-4
2590, 6.092927262737264E-4
2591, 6.087669380619381E-4
2592, 6.090416023976024E-4
2593, 6.084751778221778E-4
2594, 6.126880559440559E-4
2595, 6.078536443556444E-4
2596, 6.115702797202798E-4
2597, 6.088435044955045E-4
2598, 6.125308441558442E-4
2599, 6.127727192807193E-4
2600, 6.114768251748253E-4
2601, 6.165175894105895E-4
2602, 6.176488961038961E-4
2603, 6.144145974025974E-4
2604, 6.128939250749251E-4
2605, 6.145101328671328E-4
2606, 6.143922977022978E-4
2607, 6.129739050949052E-4
2608, 6.169864845154845E-4
2609, 6.119597822177823E-4
2610, 6.136648781218781E-4
2611, 6.128527162837164E-4
2612, 6.175745064935065E-4
2613, 6.168390829170829E-4
2614, 6.165297672327672E-4
2615, 6.183286263736265E-4
2616, 6.209482767232767E-4
2617, 6.166347892107892E-4
2618, 6.26632062937063E-4
2619, 6.20802084915085E-4
2620, 6.235211238761239E-4
2621, 6.235248471528472E-4
2622, 6.22206033966034E-4
2623, 6.230447692307693E-4
2624, 6.175245184815186E-4
2625, 6.197085104895105E-4
2626, 6.219407362637363E-4
2627, 6.173697392607393E-4
2628, 6.219364925074925E-4
2629, 6.203006263736264E-4
2630, 6.203135174825175E-4
2631, 6.203720089910091E-4
2632, 6.22628115884116E-4
2633, 6.192026883116884E-4
2634, 6.274908811188812E-4
2635, 6.260605184815185E-4
2636, 6.299682247752249E-4
2637, 6.478587902097903E-4
2638, 6.27994047952048E-4
2639, 6.230679350649351E-4
2640, 6.21957086913087E-4
2641, 6.300763996003997E-4
2642, 6.290547102897103E-4
2643, 6.250133036963038E-4
2644, 6.313942107892108E-4
2645, 6.250920839160839E-4
2646, 6.263614025974025E-4
2647, 6.229213116883118E-4
2648, 6.254278711288712E-4
2649, 6.260988991008992E-4
2650, 6.245631818181819E-4
2651, 6.234826603396603E-4
2652, 6.277216413586414E-4
2653, 6.240404955044956E-4
2654, 6.325775604395605E-4
2655, 6.287966463536464E-4
2656, 6.320254185814186E-4
2657, 6.327178241758242E-4
2658, 6.346954225774226E-4
2659, 6.290448061938062E-4
2660, 6.497642177822178E-4
2661, 6.419839460539461E-4
2662, 6.42486041958042E-4
2663, 6.433217552447553E-4
2664, 6.434616593406594E-4
2665, 6.422911578421579E-4
2666, 6.435138761238762E-4
2667, 6.38239923076923E-4
2668, 6.431154005994006E-4
2669, 6.488983546453547E-4
2670, 6.493997192807193E-4
2671, 6.469553356643357E-4
2672, 6.463286773226774E-4
2673, 6.449835904095905E-4
2674, 6.445943236763237E-4
2675, 6.452853076923077E-4
2676, 6.582921088911089E-4
2677, 6.501209700299701E-4
2678, 6.551522447552448E-4
2679, 6.559837032967034E-4
2680, 6.510307472527473E-4
2681, 6.448539520479521E-4
2682, 6.463118791208792E-4
2683, 6.452584115884116E-4
2684, 6.302083126873127E-4
2685, 6.393625654345655E-4
2686, 6.345315584415584E-4
2687, 6.360456153846153E-4
2688, 6.387451158841159E-4
2689, 6.364799500499501E-4
2690, 6.333817142857144E-4
2691, 6.355481508491509E-4
2692, 6.390761388611389E-4
2693, 6.363965654345655E-4
2694, 6.41755081918082E-4
2695, 6.355641528471528E-4
2696, 6.461552057942058E-4
2697, 6.407031748251749E-4
2698, 6.41715033966034E-4
2699, 6.379425084915085E-4
2700, 6.441334955044955E-4
2701, 6.447972357642358E-4
2702, 6.436143826173827E-4
2703, 6.466537962037962E-4
2704, 6.397857562437562E-4
2705, 6.380908891108891E-4
2706, 6.432307602397603E-4
2707, 6.417841828171828E-4
2708, 6.471264255744257E-4
2709, 6.429554145854147E-4
2710, 6.435399350649351E-4
2711, 6.428174015984016E-4
2712, 6.489106413586414E-4
2713, 6.481359920079921E-4
2714, 6.456525024975025E-4
2715, 6.504959610389612E-4
2716, 6.454904775224776E-4
2717, 6.409124345654345E-4
2718, 6.472191848151848E-4
2719, 6.431369630369631E-4
2720, 6.426943396603398E-4
2721, 6.430976873126874E-4
2722, 6.459753066933067E-4
2723, 6.501182317682318E-4
2724, 6.467063466533467E-4
2725, 6.450004685314686E-4
2726, 6.465761408591408E-4
2727, 6.438266533466534E-4
2728, 6.481133276723277E-4
2729, 6.459308551448552E-4
2730, 6.497082147852148E-4
2731, 6.456069470529471E-4
2732, 6.542327692307693E-4
2733, 6.482752397602398E-4
2734, 6.513094585414586E-4
2735, 6.493421678321678E-4
2736, 6.521045054945056E-4
2737, 6.47288E-4
2738, 6.507636413586414E-4
2739, 6.483261028971029E-4
2740, 6.509758291708293E-4
2741, 6.477494995004995E-4
2742, 6.506013866133867E-4
2743, 6.467646723276724E-4
2744, 6.49918016983017E-4
2745, 6.502249400599402E-4
2746, 6.534492777222777E-4
2747, 6.50029124875125E-4
2748, 6.52931005994006E-4
2749, 6.50549066933067E-4
2750, 6.53398111888112E-4
2751, 6.524824765234766E-4
2752, 6.55570082917083E-4
2753, 6.541437542457542E-4
2754, 6.708324085914086E-4
2755, 6.872359210789212E-4
2756, 6.822624455544457E-4
2757, 6.595421248751249E-4
2758, 6.626273086913088E-4
2759, 6.66184132867133E-4
2760, 6.78579088911089E-4
2761, 6.74125155844156E-4
2762, 6.704142647352648E-4
2763, 6.613973036963038E-4
2764, 6.688649950049951E-4
2765, 6.618075874125875E-4
2766, 6.772155034965035E-4
2767, 6.657037122877122E-4
2768, 6.688417642357643E-4
2769, 6.590134505494506E-4
2770, 6.698426333666335E-4
2771, 6.581926703296704E-4
2772, 6.708961798201799E-4
2773, 8.783510119880121E-4
2774, 7.80213032967033E-4
2775, 6.660668031968032E-4
2776, 6.711731858141858E-4
2777, 6.676203036963037E-4
2778, 6.678182507492508E-4
2779, 6.67701015984016E-4
2780, 6.673235894105894E-4
2781, 6.671606343656343E-4
2782, 6.698689130869132E-4
2783, 6.709724545454546E-4
2784, 6.682853536463536E-4
2785, 6.647938281718282E-4
2786, 6.674043296703298E-4
2787, 6.675521108891109E-4
2788, 6.690933716283717E-4
2789, 6.702914565434566E-4
2790, 6.742728381618382E-4
2791, 6.677387162837163E-4
2792, 6.698404545454545E-4
2793, 6.673994535464536E-4
2794, 6.727151318681319E-4
2795, 6.680978841158841E-4
2796, 6.713907622377623E-4
2797, 6.709086433566435E-4
2798, 6.79271011988012E-4
2799, 6.707716113886114E-4
2800, 6.721974485514485E-4
2801, 6.717179220779221E-4
2802, 6.718842397602399E-4
2803, 6.726512117882118E-4
2804, 6.750864375624375E-4
2805, 6.722294255744255E-4
2806, 6.734695484515485E-4
2807, 6.709057282717283E-4
2808, 6.768022427572428E-4
2809, 6.775674125874126E-4
2810, 6.80032054945055E-4
2811, 6.768709630369631E-4
2812, 6.801258481518482E-4
2813, 6.857173516483517E-4
2814, 6.717014235764236E-4
2815, 6.906428321678322E-4
2816, 6.953122657342658E-4
2817, 6.987469400599401E-4
2818, 7.003025644355645E-4
2819, 6.960052307692307E-4
2820, 6.969743236763238E-4
2821, 6.922223456543457E-4
2822, 6.98986041958042E-4
2823, 6.952119640359641E-4
2824, 6.947663666333667E-4
2825, 6.927063046953048E-4
2826, 6.977451058941059E-4
2827, 7.085942567432568E-4
2828, 7.001382847152847E-4
2829, 6.97969174825175E-4
2830, 6.972780999001E-4
2831, 6.95932051948052E-4
2832, 6.968035064935065E-4
2833, 6.943996083916085E-4
2834, 6.980606653346653E-4
2835, 6.951216603396604E-4
2836, 6.968639300699301E-4
2837, 6.969824755244757E-4
2838, 7.06700959040959E-4
2839, 7.035262257742258E-4
2840, 7.061847692307693E-4
2841, 7.063155954045954E-4
2842, 7.045017212787213E-4
2843, 7.010539650349651E-4
2844, 7.030213236763237E-4
2845, 7.013066583416584E-4
2846, 7.036800999001E-4
2847, 7.027452877122878E-4
2848, 7.044849050949051E-4
2849, 7.136477852147852E-4
2850, 7.120648871128872E-4
2851, 7.033269240759242E-4
2852, 7.058680139860141E-4
2853, 7.043268631368632E-4
2854, 7.056062207792209E-4
2855, 7.013572307692309E-4
2856, 7.115142057942059E-4
2857, 7.033265114885116E-4
2858, 7.052992867132867E-4
2859, 7.042608321678323E-4
2860, 7.050518151848152E-4
2861, 7.053878741258741E-4
2862, 7.124302387612388E-4
2863, 7.150134355644357E-4
2864, 7.171238621378621E-4
2865, 7.173961748251749E-4
2866, 7.123024335664337E-4
2867, 7.112815444555445E-4
2868, 7.079275204795205E-4
2869, 7.058746843156844E-4
2870, 7.104796703296704E-4
2871, 7.102783906093906E-4
2872, 6.870149780219781E-4
2873, 6.922428681318682E-4
2874, 6.886408931068931E-4
2875, 6.911208091908092E-4
2876, 6.866521138861139E-4
2877, 6.921375134865135E-4
2878, 6.981788861138861E-4
2879, 6.998056423576424E-4
2880, 6.959175744255744E-4
2881, 7.131748041958043E-4
2882, 7.489573836163836E-4
2883, 6.971978321678322E-4
2884, 7.072704515484516E-4
2885, 6.999714085914086E-4
2886, 6.943089120879121E-4
2887, 6.941477482517483E-4
2888, 6.991222617382618E-4
2889, 6.955575414585416E-4
2890, 7.055571658341658E-4
2891, 7.032942527472528E-4
2892, 7.041584905094905E-4
2893, 7.059643576423577E-4
2894, 7.354635764235764E-4
2895, 9.475013746253747E-4
2896, 7.020324995004996E-4
2897, 6.953796103896105E-4
2898, 6.999694925074925E-4
2899, 7.392597112887113E-4
2900, 7.877883976023976E-4
2901, 7.056020019980021E-4
2902, 6.978128431568432E-4
2903, 7.05022927072927E-4
2904, 7.04991057942058E-4
2905, 7.062682937062938E-4
2906, 7.084399260739261E-4
2907, 7.065386933066934E-4
2908, 7.008496633366634E-4
2909, 7.008908101898102E-4
2910, 7.009286023976025E-4
2911, 7.009249390609392E-4
2912, 7.058829190809191E-4
2913, 7.002449740259741E-4
2914, 7.071365734265734E-4
2915, 7.06020040959041E-4
2916, 7.042339010989011E-4
2917, 7.017986553446554E-4
2918, 7.010257362637364E-4
2919, 7.005649470529471E-4
2920, 7.028679050949051E-4
2921, 7.006035104895105E-4
2922, 7.037274295704296E-4
2923, 7.016031888111889E-4
2924, 7.033272117882118E-4
2925, 7.020384965034965E-4
2926, 7.073225454545455E-4
2927, 7.025813576423578E-4
2928, 7.037815254745254E-4
2929, 7.023671778221778E-4
2930, 7.060073946053946E-4
2931, 7.04078919080919E-4
2932, 7.068004795204796E-4
2933, 7.118063126873127E-4
2934, 7.090865824175824E-4
2935, 7.0503701998002E-4
2936, 7.088323056943058E-4
2937, 7.058392227772228E-4
2938, 7.086978061938063E-4
2939, 7.05440027972028E-4
2940, 7.093145234765235E-4
2941, 7.085421868131869E-4
2942, 7.130072577422579E-4
2943, 7.158532387612389E-4
2944, 7.116493986013986E-4
2945, 7.084733146853147E-4
2946, 7.112976953046954E-4
2947, 7.107075804195804E-4
2948, 7.126854395604396E-4
2949, 7.108295184815185E-4
2950, 7.130257112887113E-4
2951, 7.15343102897103E-4
2952, 7.216903076923077E-4
2953, 7.157603436563437E-4
2954, 7.202673116883117E-4
2955, 7.142624905094906E-4
2956, 7.175248211788212E-4
2957, 7.158878961038962E-4
2958, 7.152843586413587E-4
2959, 7.140628821178821E-4
2960, 7.144541498501499E-4
2961, 7.173743466533468E-4
2962, 7.227346543456543E-4
2963, 7.181314795204795E-4
2964, 7.171298081918082E-4
2965, 7.152568221778222E-4
2966, 7.173081358641359E-4
2967, 7.17347921078921E-4
2968, 7.245435514485514E-4
2969, 7.16415091908092E-4
2970, 7.19906125874126E-4
2971, 7.166919260739261E-4
2972, 7.193997052947054E-4
2973, 7.172159830169831E-4
2974, 7.204447542457544E-4
2975, 7.204462947052947E-4
2976, 7.202512017982019E-4
2977, 6.684044745254745E-4
2978, 5.600175574425575E-4
2979, 5.000045684315685E-4
2980, 5.022944145854146E-4
2981, 5.004119000999002E-4
2982, 5.028358161838163E-4
2983, 4.998808081918081E-4
2984, 5.015962137862138E-4
2985, 4.987736423576424E-4
2986, 7.197418961038961E-4
2987, 7.17765047952048E-4
2988, 7.24613108891109E-4
2989, 7.19329077922078E-4
2990, 7.224258421578422E-4
2991, 7.195790199800201E-4
2992, 7.23689075924076E-4
2993, 7.216990659340661E-4
2994, 7.267395384615385E-4
2995, 7.214545874125875E-4
2996, 7.251235904095905E-4
2997, 7.214565694305694E-4
2998, 7.296011028971029E-4
2999, 7.300205854145855E-4
3000, 7.331753006993008E-4
3001, 7.301487292707293E-4
3002, 7.310064615384616E-4
3003, 7.256665714285715E-4
3004, 7.292086323676324E-4
3005, 7.268638561438561E-4
3006, 7.300628811188812E-4
3007, 7.250827212787213E-4
3008, 7.268661768231769E-4
3009, 7.260602807192808E-4
3010, 7.261686463536464E-4
3011, 7.2635305994006E-4
3012, 7.289741408591409E-4
3013, 7.262294395604396E-4
3014, 7.300312207792209E-4
3015, 7.262406483516484E-4
3016, 7.296660649350649E-4
3017, 7.301387152847153E-4
3018, 7.354699870129871E-4
3019, 7.296931388611389E-4
3020, 7.299797032967034E-4
3021, 7.289984605394605E-4
3022, 7.37224096903097E-4
3023, 7.382783136863137E-4
3024, 7.378974445554446E-4
3025, 7.374189990009991E-4
3026, 7.460540999000999E-4
3027, 7.360613606393607E-4
3028, 7.393613466533467E-4
3029, 7.317562907092907E-4
3030, 7.375301058941059E-4
3031, 7.343649410589411E-4
3032, 7.373723856143856E-4
3033, 7.349706793206794E-4
3034, 7.359904255744256E-4
3035, 7.391512777222777E-4
3036, 7.444191228771229E-4
3037, 7.323145064935066E-4
3038, 7.344128911088911E-4
3039, 7.345670479520479E-4
3040, 7.37301E-4
3041, 7.401485324675326E-4
3042, 7.423006263736265E-4
3043, 7.44903992007992E-4
3044, 7.521161058941059E-4
3045, 7.428292757242757E-4
3046, 7.454464125874127E-4
3047, 7.431284205794207E-4
3048, 7.402785364635365E-4
3049, 7.360282657342659E-4
3050, 7.402476483516484E-4
3051, 7.377681928071929E-4
3052, 7.398346303696304E-4
3053, 7.399202467532468E-4
3054, 7.427458591408592E-4
3055, 7.394245754245754E-4
3056, 7.420388801198802E-4
3057, 7.444205884115884E-4
3058, 7.472509250749252E-4
3059, 7.434796303696304E-4
3060, 7.407481408591409E-4
3061, 7.370399620379621E-4
3062, 7.418243376623377E-4
3063, 7.381149180819181E-4
3064, 7.407645844155845E-4
3065, 7.420309100899101E-4
3066, 7.537784785214786E-4
3067, 7.489854455544456E-4
3068, 7.49617017982018E-4
3069, 7.494362667332668E-4
3070, 7.522041478521479E-4
3071, 7.485866503496504E-4
3072, 7.477248731268733E-4